,id,item_id,item_earnings,total_items_sold,date
0,1,30,169.0,1.0,03/12/2019
1,2,31,363.0,1.0,03/12/2019
2,3,32,149.0,1.0,03/12/2019
3,4,42,299.0,1.0,03/12/2019
4,5,59,249.0,1.0,03/12/2019
5,6,74,499.0,1.0,03/12/2019
6,7,109,249.0,1.0,03/12/2019
7,8,259,249.0,1.0,03/12/2019
8,9,464,299.0,1.0,03/12/2019
9,10,482,6600.0,4.0,03/12/2019
10,11,486,1500.0,7.0,03/12/2019
11,12,492,600.0,1.0,03/12/2019
12,13,493,250.0,1.0,03/12/2019
13,14,494,380.0,1.0,03/12/2019
14,15,686,1500.0,1.0,03/12/2019
15,16,687,600.0,1.0,03/12/2019
16,17,787,420.0,1.0,03/12/2019
17,18,799,25.0,1.0,03/12/2019
18,19,803,100.0,1.0,03/12/2019
19,20,806,498.0,4.0,03/12/2019
20,21,837,4600.0,1.0,03/12/2019
21,22,839,6600.0,2.0,03/12/2019
22,23,970,698.0,2.0,03/12/2019
23,24,971,349.0,1.0,03/12/2019
24,25,1007,1199.0,1.0,03/12/2019
25,26,1010,499.0,1.0,03/12/2019
26,27,1045,199.0,1.0,03/12/2019
27,28,1114,516.5,0.0,03/12/2019
28,29,1143,399.0,1.0,03/12/2019
29,30,1201,299.0,1.0,03/12/2019
30,31,1204,299.0,1.0,03/12/2019
31,32,1256,149.0,1.0,03/12/2019
32,33,1260,1248.0,1.0,03/12/2019
33,34,1310,249.0,1.0,03/12/2019
34,35,1315,449.0,1.0,03/12/2019
35,36,1364,1197.0,3.0,03/12/2019
36,37,1370,99.0,1.0,03/12/2019
37,38,1373,79.2,1.0,03/12/2019
38,39,1384,596.0,2.0,03/12/2019
39,40,1389,1998.0,1.0,03/12/2019
40,41,1390,1398.0,1.0,03/12/2019
41,42,1467,2398.0,2.0,03/12/2019
42,43,1469,3597.0,3.0,03/12/2019
43,44,1523,799.0,-1.0,03/12/2019
44,45,1534,1299.0,1.0,03/12/2019
45,46,1535,1999.0,1.0,03/12/2019
46,47,1556,2456.0,1.0,03/12/2019
47,48,1563,3598.0,2.0,03/12/2019
48,49,1568,9995.0,5.0,03/12/2019
49,50,1569,2999.0,1.0,03/12/2019
50,51,1570,5998.0,2.0,03/12/2019
51,52,1670,499.0,1.0,03/12/2019
52,53,1682,449.0,1.0,03/12/2019
53,54,1744,299.0,1.0,03/12/2019
54,55,1824,28.0,1.0,03/12/2019
55,56,1826,28.0,1.0,03/12/2019
56,57,1855,799.0,1.0,03/12/2019
57,58,1857,1999.0,1.0,03/12/2019
58,59,1858,1199.0,1.0,03/12/2019
59,60,1866,2999.0,1.0,03/12/2019
60,61,1875,1999.0,6.0,03/12/2019
61,62,1876,7797.0,3.0,03/12/2019
62,63,1877,7198.0,2.0,03/12/2019
63,64,1878,5198.0,0.0,03/12/2019
64,65,1880,2849.0,1.0,03/12/2019
65,66,1883,3999.0,1.0,03/12/2019
66,67,1892,698.0,1.0,03/12/2019
67,68,1905,996.0,4.0,03/12/2019
68,69,1914,249.0,1.0,03/12/2019
69,70,1941,698.0,1.0,03/12/2019
70,71,1968,58.0,1.0,03/12/2019
71,72,1969,63384.0,22.0,03/12/2019
72,73,1970,26997.0,4.0,03/12/2019
73,74,1971,35992.0,9.0,03/12/2019
74,75,2047,396.0,3.0,03/12/2019
75,76,2049,1996.0,2.0,03/12/2019
76,77,2070,294.0,3.0,03/12/2019
77,78,2140,349.0,1.0,03/12/2019
78,79,2252,1197.0,3.0,03/12/2019
79,80,2254,1399.0,1.0,03/12/2019
80,81,2269,1797.0,3.0,03/12/2019
81,82,2283,1998.0,2.0,03/12/2019
82,83,2284,2999.0,1.0,03/12/2019
83,84,2286,2999.0,1.0,03/12/2019
84,85,2293,1998.0,3.0,03/12/2019
85,86,2297,2598.0,1.0,03/12/2019
86,87,2308,597.0,3.0,03/12/2019
87,88,2354,398.0,1.0,03/12/2019
88,89,2416,2557.0,5.0,03/12/2019
89,90,2429,1799.0,1.0,03/12/2019
90,91,2442,1199.0,1.0,03/12/2019
91,92,2445,1198.0,3.0,03/12/2019
92,93,2517,399.0,1.0,03/12/2019
93,94,2574,449.0,1.0,03/12/2019
94,95,2575,2099.0,-1.0,03/12/2019
95,96,2578,349.0,1.0,03/12/2019
96,97,2592,998.0,2.0,03/12/2019
97,98,2690,1598.0,-1.0,03/12/2019
98,99,2734,699.0,1.0,03/12/2019
99,100,2753,299.0,1.0,03/12/2019
100,101,2755,999.0,1.0,03/12/2019
101,102,2760,399.0,1.0,03/12/2019
102,103,2766,199.0,1.0,03/12/2019
103,104,2778,198.0,2.0,03/12/2019
104,105,2799,998.0,2.0,03/12/2019
105,106,2808,2997.0,3.0,03/12/2019
106,107,2813,1798.0,2.0,03/12/2019
107,108,2817,3799.0,1.0,03/12/2019
108,109,2819,4396.0,2.0,03/12/2019
109,110,2851,709.01,1.0,03/12/2019
110,111,2852,1332.0,6.0,03/12/2019
111,112,2853,1332.0,6.0,03/12/2019
112,113,2861,3598.0,2.0,03/12/2019
113,114,2868,999.0,1.0,03/12/2019
114,115,2871,999.0,1.0,03/12/2019
115,116,2878,3499.0,1.0,03/12/2019
116,117,2881,999.0,1.0,03/12/2019
117,118,2918,705.21,1.0,03/12/2019
118,119,2919,850.95,1.0,03/12/2019
119,120,2934,449.0,1.0,03/12/2019
120,121,2937,866.0,1.0,03/12/2019
121,122,2939,449.0,1.0,03/12/2019
122,123,2946,449.0,-1.0,03/12/2019
123,124,2954,1426.76,2.0,03/12/2019
124,125,2959,638.04,1.0,03/12/2019
125,126,2969,28.0,2.0,03/12/2019
126,127,2975,2199.0,1.0,03/12/2019
127,128,2976,2199.0,1.0,03/12/2019
128,129,3007,1990.0,1.0,03/12/2019
129,130,3025,1799.0,2.0,03/12/2019
130,131,3026,2599.0,1.0,03/12/2019
131,132,3027,2999.0,1.0,03/12/2019
132,133,3028,5198.0,2.0,03/12/2019
133,134,3054,2299.0,1.0,03/12/2019
134,135,3071,5593.0,8.0,03/12/2019
135,136,3072,6998.0,2.0,03/12/2019
136,137,3077,1199.0,1.0,03/12/2019
137,138,3084,299.0,1.0,03/12/2019
138,139,3108,349.0,1.0,03/12/2019
139,140,3115,349.0,1.0,03/12/2019
140,141,3141,2360.0,2.0,03/12/2019
141,142,3146,2590.0,1.0,03/12/2019
142,143,3148,1850.0,1.0,03/12/2019
143,144,3156,750.0,1.0,03/12/2019
144,145,3170,299.0,1.0,03/12/2019
145,146,3234,498.0,1.0,03/12/2019
146,147,3236,2398.0,1.0,03/12/2019
147,148,3238,2398.0,1.0,03/12/2019
148,149,3243,1499.0,1.0,03/12/2019
149,150,3251,116.0,2.0,03/12/2019
150,151,3303,28.0,1.0,03/12/2019
151,152,3327,149.0,1.0,03/12/2019
152,153,3329,2398.0,2.0,03/12/2019
153,154,3331,799.0,1.0,03/12/2019
154,155,3340,3598.0,2.0,03/12/2019
155,156,3341,10396.0,5.0,03/12/2019
156,157,3342,8997.0,3.0,03/12/2019
157,158,3343,2599.0,1.0,03/12/2019
158,159,3423,1399.0,1.0,03/12/2019
159,160,3443,1799.0,1.0,03/12/2019
160,161,3447,2098.0,1.0,03/12/2019
161,162,3460,1799.0,1.0,03/12/2019
162,163,3461,2999.0,1.0,03/12/2019
163,164,3472,549.0,1.0,03/12/2019
164,165,3473,499.0,1.0,03/12/2019
165,166,3476,799.0,1.0,03/12/2019
166,167,3477,1599.0,1.0,03/12/2019
167,168,3484,6799.0,1.0,03/12/2019
168,169,3553,8397.0,4.0,03/12/2019
169,170,3580,299.0,1.0,03/12/2019
170,171,3605,349.0,1.0,03/12/2019
171,172,3617,299.0,1.0,03/12/2019
172,173,3633,1599.0,1.0,03/12/2019
173,174,3641,299.0,1.0,03/12/2019
174,175,3656,220.0,1.0,03/12/2019
175,176,3692,1299.0,1.0,03/12/2019
176,177,3695,1199.0,1.0,03/12/2019
177,178,3708,1798.0,3.0,03/12/2019
178,179,3728,1999.0,3.0,03/12/2019
179,180,3729,1999.0,4.0,03/12/2019
180,181,3734,6798.0,2.0,03/12/2019
181,182,3735,4499.0,1.0,03/12/2019
182,183,3753,599.0,1.0,03/12/2019
183,184,3777,349.0,1.0,03/12/2019
184,185,3801,299.0,1.0,03/12/2019
185,186,3842,2799.0,1.0,03/12/2019
186,187,3928,1859.0,1.0,03/12/2019
187,188,3934,3499.0,1.0,03/12/2019
188,189,3967,299.0,1.0,03/12/2019
189,190,4003,449.0,1.0,03/12/2019
190,191,4014,998.0,1.0,03/12/2019
191,192,4029,58.0,1.0,03/12/2019
192,193,4102,2663.0,11.0,03/12/2019
193,194,4103,2049.0,1.0,03/12/2019
194,195,4138,1798.0,3.0,03/12/2019
195,196,4178,4770.0,3.0,03/12/2019
196,197,4181,3570.0,3.0,03/12/2019
197,198,4190,1192.0,1.0,03/12/2019
198,199,4192,1490.0,2.0,03/12/2019
199,200,4228,1199.0,1.0,03/12/2019
200,201,4231,2299.0,1.0,03/12/2019
201,202,4240,1299.0,1.0,03/12/2019
202,203,4241,698.0,1.0,03/12/2019
203,204,4242,1299.0,1.0,03/12/2019
204,205,4334,799.0,1.0,03/12/2019
205,206,4351,399.0,1.0,03/12/2019
206,207,4352,1699.0,1.0,03/12/2019
207,208,4355,2399.0,1.0,03/12/2019
208,209,4357,399.0,1.0,03/12/2019
209,210,4365,1010.45,1.0,03/12/2019
210,211,4367,1399.0,1.0,03/12/2019
211,212,4393,1198.0,1.0,03/12/2019
212,213,4424,299.0,1.0,03/12/2019
213,214,4427,299.0,1.0,03/12/2019
214,215,4445,299.0,1.0,03/12/2019
215,216,4467,987.58,1.0,03/12/2019
216,217,4471,998.0,1.0,03/12/2019
217,218,4493,699.0,1.0,03/12/2019
218,219,4498,698.0,1.0,03/12/2019
219,220,4516,1047.0,3.0,03/12/2019
220,221,4548,2090.0,1.0,03/12/2019
221,222,4554,299.0,2.0,03/12/2019
222,223,4557,399.0,1.0,03/12/2019
223,224,4628,299.0,1.0,03/12/2019
224,225,4639,1599.0,1.0,03/12/2019
225,226,4701,299.0,1.0,03/12/2019
226,227,4717,1196.0,4.0,03/12/2019
227,228,4728,747.0,3.0,03/12/2019
228,229,4736,58.0,1.0,03/12/2019
229,230,4806,495.0,7.0,03/12/2019
230,231,4807,798.0,2.0,03/12/2019
231,232,4808,1197.0,3.0,03/12/2019
232,233,4870,10392.0,8.0,03/12/2019
233,234,4871,999.0,2.0,03/12/2019
234,235,4872,2398.0,2.0,03/12/2019
235,236,4873,1199.0,1.0,03/12/2019
236,237,4899,1349.0,2.0,03/12/2019
237,238,4904,399.0,2.0,03/12/2019
238,239,4906,7996.0,4.0,03/12/2019
239,240,4962,798.0,2.0,03/12/2019
240,241,4977,1899.0,1.0,03/12/2019
241,242,4996,1799.0,1.0,03/12/2019
242,243,5013,698.0,1.0,03/12/2019
243,244,5037,5198.0,2.0,03/12/2019
244,245,5046,349.0,1.0,03/12/2019
245,246,5051,349.0,1.0,03/12/2019
246,247,5240,1598.0,2.0,03/12/2019
247,248,5247,2999.0,1.0,03/12/2019
248,249,5272,598.0,2.0,03/12/2019
249,250,5305,299.0,1.0,03/12/2019
250,251,5341,2798.0,2.0,03/12/2019
251,252,5361,28.0,1.0,03/12/2019
252,253,5362,498.0,1.0,03/12/2019
253,254,5380,13960.0,4.0,03/12/2019
254,255,5459,698.0,2.0,03/12/2019
255,256,5467,1649.0,1.0,03/12/2019
256,257,5485,349.0,1.0,03/12/2019
257,258,5509,299.0,1.0,03/12/2019
258,259,5572,3780.0,2.0,03/12/2019
259,260,5581,499.0,1.0,03/12/2019
260,261,5601,798.0,2.0,03/12/2019
261,262,5634,3190.0,1.0,03/12/2019
262,263,5638,3190.0,1.0,03/12/2019
263,264,5643,11960.0,5.0,03/12/2019
264,265,5655,1290.0,1.0,03/12/2019
265,266,5658,799.0,1.0,03/12/2019
266,267,5663,11070.0,3.0,03/12/2019
267,268,5666,10470.0,3.0,03/12/2019
268,269,5669,3490.0,1.0,03/12/2019
269,270,5672,3490.0,1.0,03/12/2019
270,271,5674,499.0,1.0,03/12/2019
271,272,5759,799.0,3.0,03/12/2019
272,273,5760,1499.0,1.0,03/12/2019
273,274,5811,199.0,1.0,03/12/2019
274,275,5820,6398.0,2.0,03/12/2019
275,276,5821,8792.0,8.0,03/12/2019
276,277,5822,10341.0,12.0,03/12/2019
277,278,5823,11196.0,4.0,03/12/2019
278,279,5827,349.0,1.0,03/12/2019
279,280,5828,549.0,1.0,03/12/2019
280,281,5830,549.0,1.0,03/12/2019
281,282,5834,999.0,1.0,03/12/2019
282,283,5837,499.0,1.0,03/12/2019
283,284,5900,1199.0,1.0,03/12/2019
284,285,5917,59.0,1.0,03/12/2019
285,286,5962,1398.0,2.0,03/12/2019
286,287,6027,299.0,1.0,03/12/2019
287,288,6028,2499.0,1.0,03/12/2019
288,289,6051,399.0,1.0,03/12/2019
289,290,6092,1199.0,1.0,03/12/2019
290,291,6108,98.0,1.0,03/12/2019
291,292,6117,498.0,2.0,03/12/2019
292,293,6126,4995.0,5.0,03/12/2019
293,294,6128,7497.0,3.0,03/12/2019
294,295,6129,5997.0,3.0,03/12/2019
295,296,6156,99.0,1.0,03/12/2019
296,297,6185,499.0,1.0,03/12/2019
297,298,6226,199.0,1.0,03/12/2019
298,299,6236,299.0,1.0,03/12/2019
299,300,6252,598.0,2.0,03/12/2019
300,301,6254,2498.0,2.0,03/12/2019
301,302,6285,349.0,1.0,03/12/2019
302,303,6297,3298.0,2.0,03/12/2019
303,304,6308,598.0,2.0,03/12/2019
304,305,6351,898.0,2.0,03/12/2019
305,306,6406,98.0,1.0,03/12/2019
306,307,6422,58.0,1.0,03/12/2019
307,308,6432,198.0,1.0,03/12/2019
308,309,6474,249.0,1.0,03/12/2019
309,310,6496,249.0,1.0,03/12/2019
310,311,6497,2998.0,2.0,03/12/2019
311,312,6503,7186.0,4.0,03/12/2019
312,313,6625,999.0,1.0,03/12/2019
313,314,6628,699.0,1.0,03/12/2019
314,315,6641,98.0,1.0,03/12/2019
315,316,6675,80970.0,3.0,03/12/2019
316,317,6710,1198.0,2.0,03/12/2019
317,318,6713,3398.0,3.0,03/12/2019
318,319,6738,998.0,5.0,03/12/2019
319,320,6740,1497.0,6.0,03/12/2019
320,321,6768,2799.0,1.0,03/12/2019
321,322,6861,498.0,1.0,03/12/2019
322,323,6875,299.0,1.0,03/12/2019
323,324,6877,199.0,1.0,03/12/2019
324,325,6930,2199.0,1.0,03/12/2019
325,326,7003,399.0,1.0,03/12/2019
326,327,7018,999.0,1.0,03/12/2019
327,328,7085,1398.0,2.0,03/12/2019
328,329,7087,2997.0,3.0,03/12/2019
329,330,7093,229.0,1.0,03/12/2019
330,331,7172,5198.0,2.0,03/12/2019
331,332,7211,248.0,1.0,03/12/2019
332,333,7220,3897.0,3.0,03/12/2019
333,334,7233,1198.0,2.0,03/12/2019
334,335,7308,1047.0,3.0,03/12/2019
335,336,7351,299.0,1.0,03/12/2019
336,337,7369,299.0,1.0,03/12/2019
337,338,7493,349.0,1.0,03/12/2019
338,339,7498,698.0,2.0,03/12/2019
339,340,7655,299.0,1.0,03/12/2019
340,341,7723,2999.0,1.0,03/12/2019
341,342,7736,1196.0,4.0,03/12/2019
342,343,7739,296.0,3.0,03/12/2019
343,344,7741,299.0,1.0,03/12/2019
344,345,7780,958.0,2.0,03/12/2019
345,346,7793,2599.0,1.0,03/12/2019
346,347,7794,2498.0,1.0,03/12/2019
347,348,7798,1798.0,1.0,03/12/2019
348,349,7805,996.0,2.0,03/12/2019
349,350,7812,5890.0,1.0,03/12/2019
350,351,7834,799.0,1.0,03/12/2019
351,352,7846,1299.0,1.0,03/12/2019
352,353,7852,249.0,1.0,03/12/2019
353,354,7853,399.0,1.0,03/12/2019
354,355,7856,2397.0,4.0,03/12/2019
355,356,7872,196.0,2.0,03/12/2019
356,357,7877,3990.0,-1.0,03/12/2019
357,358,7894,6870.0,4.0,03/12/2019
358,359,7917,198.0,1.0,03/12/2019
359,360,7933,1190.0,1.0,03/12/2019
360,361,7956,6990.0,1.0,03/12/2019
361,362,7966,2599.0,2.0,03/12/2019
362,363,7967,999.0,1.0,03/12/2019
363,364,8008,598.0,3.0,03/12/2019
364,365,8012,299.0,1.0,03/12/2019
365,366,8040,75.0,1.0,03/12/2019
366,367,8061,734.0,1.0,03/12/2019
367,368,8065,399.0,2.0,03/12/2019
368,369,8073,399.0,1.0,03/12/2019
369,370,8078,99.0,1.0,03/12/2019
370,371,8079,1596.0,4.0,03/12/2019
371,372,8093,1081.15,1.0,03/12/2019
372,373,8095,499.0,-1.0,03/12/2019
373,374,8204,449.0,1.0,03/12/2019
374,375,8209,58.0,1.0,03/12/2019
375,376,8218,249.0,1.0,03/12/2019
376,377,8245,249.0,1.0,03/12/2019
377,378,8312,198.0,1.0,03/12/2019
378,379,8352,1199.0,1.0,03/12/2019
379,380,8366,549.0,1.0,03/12/2019
380,381,8436,249.0,1.0,03/12/2019
381,382,8448,4490.0,1.0,03/12/2019
382,383,8452,4780.0,3.0,03/12/2019
383,384,8455,6980.0,2.0,03/12/2019
384,385,8469,349.0,1.0,03/12/2019
385,386,8508,699.0,1.0,03/12/2019
386,387,8510,249.0,1.0,03/12/2019
387,388,8532,5500.0,1.0,03/12/2019
388,389,8537,349.0,1.0,03/12/2019
389,390,8569,798.0,3.0,03/12/2019
390,391,8570,998.0,2.0,03/12/2019
391,392,8571,299.0,1.0,03/12/2019
392,393,8624,149.0,1.0,03/12/2019
393,394,8625,199.0,1.0,03/12/2019
394,395,8672,169.0,1.0,03/12/2019
395,396,8702,798.0,2.0,03/12/2019
396,397,8778,99.0,1.0,03/12/2019
397,398,8807,58.0,1.0,03/12/2019
398,399,8808,99.0,1.0,03/12/2019
399,400,8819,799.0,1.0,03/12/2019
400,401,8845,264.58,1.0,03/12/2019
401,402,8856,299.0,1.0,03/12/2019
402,403,8874,599.0,1.0,03/12/2019
403,404,8888,199.0,1.0,03/12/2019
404,405,8930,99.0,1.0,03/12/2019
405,406,8958,499.0,1.0,03/12/2019
406,407,8961,169.0,1.0,03/12/2019
407,408,8981,1197.0,3.0,03/12/2019
408,409,9048,169.0,1.0,03/12/2019
409,410,9055,99.0,1.0,03/12/2019
410,411,9121,50.0,2.0,03/12/2019
411,412,9124,50.0,4.0,03/12/2019
412,413,9355,2094.0,8.0,03/12/2019
413,414,9394,299.0,1.0,03/12/2019
414,415,9396,598.0,2.0,03/12/2019
415,416,9401,299.0,1.0,03/12/2019
416,417,9405,299.0,1.0,03/12/2019
417,418,9406,349.0,1.0,03/12/2019
418,419,9409,698.0,2.0,03/12/2019
419,420,9411,349.0,1.0,03/12/2019
420,421,9451,399.0,1.0,03/12/2019
421,422,9457,299.0,1.0,03/12/2019
422,423,9458,220.0,2.0,03/12/2019
423,424,9462,379.0,1.0,03/12/2019
424,425,9495,198.0,2.0,03/12/2019
425,426,9496,99.0,1.0,03/12/2019
426,427,9497,99.0,1.0,03/12/2019
427,428,9498,99.0,1.0,03/12/2019
428,429,9499,99.0,1.0,03/12/2019
429,430,9532,798.0,2.0,03/12/2019
430,431,9541,349.0,1.0,03/12/2019
431,432,9554,199.0,1.0,03/12/2019
432,433,9697,1799.0,1.0,03/12/2019
433,434,9786,169.0,1.0,03/12/2019
434,435,9862,99.0,1.0,03/12/2019
435,436,9873,199.0,1.0,03/12/2019
436,437,9929,58.0,1.0,03/12/2019
437,438,9994,449.0,1.0,03/12/2019
438,439,10003,99.0,1.0,03/12/2019
439,440,10164,199.0,1.0,03/12/2019
440,441,10205,1079.0,1.0,03/12/2019
441,442,10216,298.0,2.0,03/12/2019
442,443,10266,299.0,1.0,03/12/2019
443,444,10277,249.0,1.0,03/12/2019
444,445,10296,1442.43,1.0,03/12/2019
445,446,10337,149.0,1.0,03/12/2019
446,447,10357,199.0,1.0,03/12/2019
447,448,10360,199.0,1.0,03/12/2019
448,449,10378,149.0,1.0,03/12/2019
449,450,10379,149.0,1.0,03/12/2019
450,451,10382,399.0,1.0,03/12/2019
451,452,10455,198.0,2.0,03/12/2019
452,453,10476,4311.0,11.0,03/12/2019
453,454,10477,1599.0,1.0,03/12/2019
454,455,10478,4794.0,6.0,03/12/2019
455,456,10489,399.0,1.0,03/12/2019
456,457,10500,499.0,1.0,03/12/2019
457,458,10513,1499.0,1.0,03/12/2019
458,459,10515,169.0,1.0,03/12/2019
459,460,10517,1849.0,1.0,03/12/2019
460,461,10553,399.0,1.0,03/12/2019
461,462,10578,299.0,1.0,03/12/2019
462,463,10583,199.0,1.0,03/12/2019
463,464,10614,280.0,1.0,03/12/2019
464,465,10615,599.0,1.0,03/12/2019
465,466,10617,689.0,1.0,03/12/2019
466,467,10633,899.0,1.0,03/12/2019
467,468,10659,1998.0,2.0,03/12/2019
468,469,10678,1499.0,1.0,03/12/2019
469,470,10726,798.0,2.0,03/12/2019
470,471,10768,349.0,1.0,03/12/2019
471,472,10782,249.0,1.0,03/12/2019
472,473,10784,399.0,1.0,03/12/2019
473,474,10785,349.0,1.0,03/12/2019
474,475,10786,299.0,1.0,03/12/2019
475,476,10788,249.0,1.0,03/12/2019
476,477,10826,28.0,1.0,03/12/2019
477,478,10829,58.0,1.0,03/12/2019
478,479,10842,399.0,1.0,03/12/2019
479,480,10855,269.17,1.0,03/12/2019
480,481,10891,199.0,1.0,03/12/2019
481,482,10937,199.0,1.0,03/12/2019
482,483,10940,1148.0,1.0,03/12/2019
483,484,11094,99.0,1.0,03/12/2019
484,485,11106,199.0,1.0,03/12/2019
485,486,11133,199.0,1.0,03/12/2019
486,487,11134,79.0,1.0,03/12/2019
487,488,11142,249.0,1.0,03/12/2019
488,489,11181,198.0,2.0,03/12/2019
489,490,11184,199.0,1.0,03/12/2019
490,491,11185,698.0,2.0,03/12/2019
491,492,11200,149.0,1.0,03/12/2019
492,493,11222,299.0,1.0,03/12/2019
493,494,11227,99.0,1.0,03/12/2019
494,495,11244,69.0,1.0,03/12/2019
495,496,11245,28.0,1.0,03/12/2019
496,497,11247,1596.0,4.0,03/12/2019
497,498,11286,399.0,1.0,03/12/2019
498,499,11306,449.0,2.0,03/12/2019
499,500,11311,899.0,1.0,03/12/2019
500,501,11339,349.0,1.0,03/12/2019
501,502,11369,855.0,2.0,03/12/2019
502,503,11370,233.0,10.0,03/12/2019
503,504,11372,814.0,2.0,03/12/2019
504,505,11373,383.333333333,3.0,03/12/2019
505,506,11389,899.0,1.0,03/12/2019
506,507,11431,158.0,2.0,03/12/2019
507,508,11454,49.0,1.0,03/12/2019
508,509,11460,99.0,1.0,03/12/2019
509,510,11496,338.0,2.0,03/12/2019
510,511,11498,332.67,1.0,03/12/2019
511,512,11575,99.0,1.0,03/12/2019
512,513,11595,99.0,1.0,03/12/2019
513,514,11652,399.0,1.0,03/12/2019
514,515,11655,7342.39,4.0,03/12/2019
515,516,11688,229.0,2.0,03/12/2019
516,517,11711,299.0,1.0,03/12/2019
517,518,11786,28.0,1.0,03/12/2019
518,519,11795,199.0,1.0,03/12/2019
519,520,11796,149.0,1.0,03/12/2019
520,521,11800,149.0,1.0,03/12/2019
521,522,11811,1199.0,1.0,03/12/2019
522,523,11893,338.0,2.0,03/12/2019
523,524,11899,99.0,1.0,03/12/2019
524,525,11904,149.0,1.0,03/12/2019
525,526,11926,11210.0,11.0,03/12/2019
526,527,11927,6918.0,17.0,03/12/2019
527,528,11938,99.0,1.0,03/12/2019
528,529,11968,149.0,1.0,03/12/2019
529,530,12028,99.0,1.0,03/12/2019
530,531,12062,99.0,1.0,03/12/2019
531,532,12064,99.0,1.0,03/12/2019
532,533,12090,399.0,1.0,03/12/2019
533,534,12091,499.0,1.0,03/12/2019
534,535,12104,98.0,1.0,03/12/2019
535,536,12105,98.0,1.0,03/12/2019
536,537,12206,7497.0,3.0,03/12/2019
537,538,12286,28.0,1.0,03/12/2019
538,539,12319,70.0,1.0,03/12/2019
539,540,12353,399.0,1.0,03/12/2019
540,541,12361,99.0,1.0,03/12/2019
541,542,12362,798.0,2.0,03/12/2019
542,543,12363,901.18,1.0,03/12/2019
543,544,12399,99.0,1.0,03/12/2019
544,545,12411,199.0,1.0,03/12/2019
545,546,12436,99.0,1.0,03/12/2019
546,547,12463,199.0,1.0,03/12/2019
547,548,12465,398.0,2.0,03/12/2019
548,549,12475,199.0,1.0,03/12/2019
549,550,12477,199.0,1.0,03/12/2019
550,551,12488,798.0,1.0,03/12/2019
551,552,12527,449.0,1.0,03/12/2019
552,553,12552,199.0,1.0,03/12/2019
553,554,12610,349.0,1.0,03/12/2019
554,555,12709,399.0,1.0,03/12/2019
555,556,12730,1490.0,1.0,03/12/2019
556,557,12778,199.0,1.0,03/12/2019
557,558,12781,149.0,1.0,03/12/2019
558,559,12797,199.0,1.0,03/12/2019
559,560,12826,99.0,1.0,03/12/2019
560,561,12839,99.0,1.0,03/12/2019
561,562,12917,249.0,1.0,03/12/2019
562,563,12933,149.0,1.0,03/12/2019
563,564,12944,98.0,1.0,03/12/2019
564,565,13041,99.0,1.0,03/12/2019
565,566,13071,599.0,1.0,03/12/2019
566,567,13097,1000.0,4.0,03/12/2019
567,568,13099,500.0,2.0,03/12/2019
568,569,13104,399.0,1.0,03/12/2019
569,570,13105,499.0,1.0,03/12/2019
570,571,13119,299.0,1.0,03/12/2019
571,572,13144,98.0,1.0,03/12/2019
572,573,13151,198.0,1.0,03/12/2019
573,574,13159,299.0,1.0,03/12/2019
574,575,13166,249.0,1.0,03/12/2019
575,576,13205,299.0,4.0,03/12/2019
576,577,13229,499.0,1.0,03/12/2019
577,578,13230,499.0,1.0,03/12/2019
578,579,13268,499.0,1.0,03/12/2019
579,580,13341,150.0,1.0,03/12/2019
580,581,13342,150.0,1.0,03/12/2019
581,582,13359,150.0,1.0,03/12/2019
582,583,13367,299.0,1.0,03/12/2019
583,584,13387,598.0,6.0,03/12/2019
584,585,13400,19990.0,1.0,03/12/2019
585,586,13401,27392.0,1.0,03/12/2019
586,587,13405,25392.0,1.0,03/12/2019
587,588,13442,27990.0,1.0,03/12/2019
588,589,13494,29980.0,2.0,03/12/2019
589,590,13505,3597.0,4.0,03/12/2019
590,591,13511,1499.0,1.0,03/12/2019
591,592,13512,1499.0,1.0,03/12/2019
592,593,13517,4780.0,2.0,03/12/2019
593,594,13557,4998.0,2.0,03/12/2019
594,595,13560,3999.0,1.0,03/12/2019
595,596,13591,1799.0,1.0,03/12/2019
596,597,13674,1649.0,2.0,03/12/2019
597,598,13687,1799.0,1.0,03/12/2019
598,599,13697,2362.0,3.0,03/12/2019
599,600,13721,229.0,1.0,03/12/2019
600,601,13723,229.0,1.0,03/12/2019
601,602,13753,200.8,5.0,03/12/2019
602,603,13755,299.0,1.0,03/12/2019
603,604,13802,5489.0,13.0,03/12/2019
604,605,13803,1598.0,3.0,03/12/2019
605,606,13812,99.0,1.0,03/12/2019
606,607,13825,999.0,1.0,03/12/2019
607,608,13827,169.0,1.0,03/12/2019
608,609,13851,169.0,1.0,03/12/2019
609,610,13856,28.0,1.0,03/12/2019
610,611,13869,349.0,1.0,03/12/2019
611,612,13880,199.0,2.0,03/12/2019
612,613,13881,599.0,1.0,03/12/2019
613,614,13970,98.0,2.0,03/12/2019
614,615,14019,298.0,3.0,03/12/2019
615,616,14039,69.0,1.0,03/12/2019
616,617,14044,399.0,1.0,03/12/2019
617,618,14075,148.0,1.0,03/12/2019
618,619,14092,58.0,1.0,03/12/2019
619,620,14093,58.0,1.0,03/12/2019
620,621,14102,749.0,1.0,03/12/2019
621,622,14125,1803.25,1.0,03/12/2019
622,623,14143,629.26,1.0,03/12/2019
623,624,14169,98.0,1.0,03/12/2019
624,625,14216,299.0,1.0,03/12/2019
625,626,14223,299.0,1.0,03/12/2019
626,627,14227,396.0,4.0,03/12/2019
627,628,14228,396.0,4.0,03/12/2019
628,629,14229,99.0,2.0,03/12/2019
629,630,14243,1197.0,3.0,03/12/2019
630,631,14254,249.0,1.0,03/12/2019
631,632,14256,99.0,1.0,03/12/2019
632,633,14258,299.0,1.0,03/12/2019
633,634,14259,99.0,1.0,03/12/2019
634,635,14280,349.0,1.0,03/12/2019
635,636,14306,999.0,1.0,03/12/2019
636,637,14307,749.0,1.0,03/12/2019
637,638,14308,169.0,1.0,03/12/2019
638,639,14313,199.0,1.0,03/12/2019
639,640,14368,28.0,1.0,03/12/2019
640,641,14386,149.0,1.0,03/12/2019
641,642,14437,1047.0,3.0,03/12/2019
642,643,14444,58.0,1.0,03/12/2019
643,644,14446,169.0,2.0,03/12/2019
644,645,14457,338.0,2.0,03/12/2019
645,646,14458,598.0,2.0,03/12/2019
646,647,14500,199.0,1.0,03/12/2019
647,648,14506,399.0,1.0,03/12/2019
648,649,14510,29.0,1.0,03/12/2019
649,650,14597,199.0,1.0,03/12/2019
650,651,14628,199.0,1.0,03/12/2019
651,652,14652,398.0,0.0,03/12/2019
652,653,14654,149.0,1.0,03/12/2019
653,654,14710,798.0,2.0,03/12/2019
654,655,14716,49.0,1.0,03/12/2019
655,656,14720,49.0,1.0,03/12/2019
656,657,14755,99.0,1.0,03/12/2019
657,658,14810,158.0,2.0,03/12/2019
658,659,14822,1259.0,2.0,03/12/2019
659,660,14830,339.0,1.0,03/12/2019
660,661,14844,1356.0,4.0,03/12/2019
661,662,14845,199.0,2.0,03/12/2019
662,663,14846,199.0,1.0,03/12/2019
663,664,14860,58.0,1.0,03/12/2019
664,665,14865,199.0,1.0,03/12/2019
665,666,15022,99.0,1.0,03/12/2019
666,667,15023,58.0,1.0,03/12/2019
667,668,15031,390.0,1.0,03/12/2019
668,669,15040,599.0,1.0,03/12/2019
669,670,15044,596.0,2.0,03/12/2019
670,671,15045,1398.0,2.0,03/12/2019
671,672,15047,1499.0,1.0,03/12/2019
672,673,15063,449.0,1.0,03/12/2019
673,674,15066,799.0,1.0,03/12/2019
674,675,15085,699.0,1.0,03/12/2019
675,676,15088,799.0,1.0,03/12/2019
676,677,15112,636.0,5.0,03/12/2019
677,678,15114,249.0,1.0,03/12/2019
678,679,15193,299.0,1.0,03/12/2019
679,680,15212,335.0,1.0,03/12/2019
680,681,15229,1499.0,1.0,03/12/2019
681,682,15240,1198.0,2.0,03/12/2019
682,683,15257,1199.0,1.0,03/12/2019
683,684,15261,699.0,1.0,03/12/2019
684,685,15265,699.0,1.0,03/12/2019
685,686,15283,1499.0,1.0,03/12/2019
686,687,15286,1899.0,1.0,03/12/2019
687,688,15319,1249.0,1.0,03/12/2019
688,689,15334,287.0,1.0,03/12/2019
689,690,15336,529.0,1.0,03/12/2019
690,691,15392,779.0,1.0,03/12/2019
691,692,15395,649.0,1.0,03/12/2019
692,693,15398,1129.0,1.0,03/12/2019
693,694,15438,1049.0,1.0,03/12/2019
694,695,15443,629.0,1.0,03/12/2019
695,696,15450,999.0,1.0,03/12/2019
696,697,15456,649.0,1.0,03/12/2019
697,698,15470,249.0,1.0,03/12/2019
698,699,15480,599.0,1.0,03/12/2019
699,700,15489,1149.0,1.0,03/12/2019
700,701,15519,299.0,1.0,03/12/2019
701,702,15521,599.0,1.0,03/12/2019
702,703,15548,199.0,1.0,03/12/2019
703,704,15552,1768.84,1.0,03/12/2019
704,705,15555,58.0,1.0,03/12/2019
705,706,15615,399.0,1.0,03/12/2019
706,707,15645,399.0,1.0,03/12/2019
707,708,15650,28.0,1.0,03/12/2019
708,709,15685,1398.0,2.0,03/12/2019
709,710,15698,297.0,3.0,03/12/2019
710,711,15702,149.0,1.0,03/12/2019
711,712,15739,499.0,1.0,03/12/2019
712,713,15746,599.0,2.0,03/12/2019
713,714,15757,199.0,1.0,03/12/2019
714,715,15778,169.0,1.0,03/12/2019
715,716,15787,399.0,1.0,03/12/2019
716,717,15799,299.0,1.0,03/12/2019
717,718,15812,1998.0,2.0,03/12/2019
718,719,15817,1995.0,5.0,03/12/2019
719,720,15818,3495.0,5.0,03/12/2019
720,721,15844,349.0,1.0,03/12/2019
721,722,15850,1159.0,1.0,03/12/2019
722,723,15856,899.0,1.0,03/12/2019
723,724,15857,2698.0,2.0,03/12/2019
724,725,15866,1299.0,1.0,03/12/2019
725,726,15922,2149.0,1.0,03/12/2019
726,727,15938,2598.0,2.0,03/12/2019
727,728,15941,2349.0,1.0,03/12/2019
728,729,15989,998.0,2.0,03/12/2019
729,730,16003,1499.0,1.0,03/12/2019
730,731,16032,499.0,1.0,03/12/2019
731,732,16038,299.0,1.0,03/12/2019
732,733,16042,499.0,1.0,03/12/2019
733,734,16055,1198.0,2.0,03/12/2019
734,735,16056,3196.0,4.0,03/12/2019
735,736,16057,619.0,1.0,03/12/2019
736,737,16058,449.0,1.0,03/12/2019
737,738,16061,1999.0,1.0,03/12/2019
738,739,16083,449.0,1.0,03/12/2019
739,740,16113,1599.0,1.0,03/12/2019
740,741,16116,1318.0,2.0,03/12/2019
741,742,16128,1499.0,1.0,03/12/2019
742,743,16136,1199.0,1.0,03/12/2019
743,744,16137,798.0,2.0,03/12/2019
744,745,16147,599.0,1.0,03/12/2019
745,746,16160,1999.0,1.0,03/12/2019
746,747,16167,799.0,1.0,03/12/2019
747,748,16169,598.0,2.0,03/12/2019
748,749,16174,799.0,1.0,03/12/2019
749,750,16177,1999.0,1.0,03/12/2019
750,751,16179,1949.0,1.0,03/12/2019
751,752,16182,1499.0,1.0,03/12/2019
752,753,16184,449.0,1.0,03/12/2019
753,754,16205,359.0,1.0,03/12/2019
754,755,16206,799.0,1.0,03/12/2019
755,756,16209,359.0,1.0,03/12/2019
756,757,16210,359.0,1.0,03/12/2019
757,758,16227,499.0,1.0,03/12/2019
758,759,16245,2198.0,2.0,03/12/2019
759,760,16249,899.0,1.0,03/12/2019
760,761,16261,849.0,1.0,03/12/2019
761,762,16310,1279.0,1.0,03/12/2019
762,763,16356,199.0,1.0,03/12/2019
763,764,16359,249.0,1.0,03/12/2019
764,765,16360,799.0,1.0,03/12/2019
765,766,16434,399.0,1.0,03/12/2019
766,767,16441,99.0,1.0,03/12/2019
767,768,16450,149.0,1.0,03/12/2019
768,769,16487,798.0,2.0,03/12/2019
769,770,16493,399.0,1.0,03/12/2019
770,771,16524,79.0,1.0,03/12/2019
771,772,16555,49.0,1.0,03/12/2019
772,773,16595,99.0,1.0,03/12/2019
773,774,16671,299.0,1.0,03/12/2019
774,775,16676,399.0,1.0,03/12/2019
775,776,16677,332.67,-1.0,03/12/2019
776,777,16788,4198.0,2.0,03/12/2019
777,778,16790,8697.0,3.0,03/12/2019
778,779,16825,7998.0,2.0,03/12/2019
779,780,16826,4999.0,1.0,03/12/2019
780,781,16859,28.0,1.0,03/12/2019
781,782,16880,398.0,2.0,03/12/2019
782,783,16889,99.0,1.0,03/12/2019
783,784,16896,798.0,2.0,03/12/2019
784,785,16904,149.0,1.0,03/12/2019
785,786,16922,399.0,1.0,03/12/2019
786,787,16923,599.0,2.0,03/12/2019
787,788,17027,399.0,1.0,03/12/2019
788,789,17042,149.0,1.0,03/12/2019
789,790,17046,1197.0,4.0,03/12/2019
790,791,17048,699.0,1.0,03/12/2019
791,792,17104,399.0,1.0,03/12/2019
792,793,17130,116.0,2.0,03/12/2019
793,794,17302,158.0,2.0,03/12/2019
794,795,17322,447.0,3.0,03/12/2019
795,796,17365,99.0,1.0,03/12/2019
796,797,17375,450.14,1.0,03/12/2019
797,798,17398,198.0,2.0,03/12/2019
798,799,17403,1449.0,1.0,03/12/2019
799,800,17457,199.0,1.0,03/12/2019
800,801,17467,798.0,2.0,03/12/2019
801,802,17493,28.0,1.0,03/12/2019
802,803,17500,499.0,1.0,03/12/2019
803,804,17565,399.0,1.0,03/12/2019
804,805,17620,299.0,1.0,03/12/2019
805,806,17654,3999.0,1.0,03/12/2019
806,807,17662,7371.0,4.0,03/12/2019
807,808,17717,19678.0,20.0,03/12/2019
808,809,17748,698.0,2.0,03/12/2019
809,810,17750,3490.0,1.0,03/12/2019
810,811,17769,99.0,1.0,03/12/2019
811,812,17785,338.0,2.0,03/12/2019
812,813,17875,148.0,1.0,03/12/2019
813,814,17880,363.0,1.0,03/12/2019
814,815,17887,674.0,2.0,03/12/2019
815,816,17891,435.0,2.0,03/12/2019
816,817,17956,169.0,1.0,03/12/2019
817,818,18015,300.0,1.0,03/12/2019
818,819,18026,299.0,2.0,03/12/2019
819,820,18030,299.0,1.0,03/12/2019
820,821,18042,837.2,4.0,03/12/2019
821,822,18046,299.0,1.0,03/12/2019
822,823,18048,598.0,2.0,03/12/2019
823,824,18049,299.0,1.0,03/12/2019
824,825,18050,538.2,2.0,03/12/2019
825,826,18051,239.2,1.0,03/12/2019
826,827,18052,538.2,3.0,03/12/2019
827,828,18106,7598.0,2.0,03/12/2019
828,829,18147,99.0,1.0,03/12/2019
829,830,18148,449.0,1.0,03/12/2019
830,831,18163,299.0,1.0,03/12/2019
831,832,18209,299.0,1.0,03/12/2019
832,833,18253,299.0,1.0,03/12/2019
833,834,18257,199.0,1.0,03/12/2019
834,835,18360,199.0,1.0,03/12/2019
835,836,18380,199.0,1.0,03/12/2019
836,837,18407,597.0,3.0,03/12/2019
837,838,18431,167.0,1.0,03/12/2019
838,839,18439,199.0,1.0,03/12/2019
839,840,18441,498.0,2.0,03/12/2019
840,841,18454,597.0,3.0,03/12/2019
841,842,18464,199.0,1.0,03/12/2019
842,843,18476,99.0,1.0,03/12/2019
843,844,18477,747.0,3.0,03/12/2019
844,845,18484,199.0,1.0,03/12/2019
845,846,18589,99.0,1.0,03/12/2019
846,847,18622,169.0,1.0,03/12/2019
847,848,18625,399.0,1.0,03/12/2019
848,849,18626,699.0,1.0,03/12/2019
849,850,18672,299.0,1.0,03/12/2019
850,851,18677,199.0,1.0,03/12/2019
851,852,18699,398.0,2.0,03/12/2019
852,853,18704,199.0,1.0,03/12/2019
853,854,18834,149.0,1.0,03/12/2019
854,855,18848,99.0,1.0,03/12/2019
855,856,18882,79.0,1.0,03/12/2019
856,857,18884,158.0,2.0,03/12/2019
857,858,18923,399.0,1.0,03/12/2019
858,859,18953,56.0,2.0,03/12/2019
859,860,18958,499.0,1.0,03/12/2019
860,861,18975,149.0,1.0,03/12/2019
861,862,19037,349.0,1.0,03/12/2019
862,863,19041,498.0,2.0,03/12/2019
863,864,19043,199.0,1.0,03/12/2019
864,865,19046,299.0,1.0,03/12/2019
865,866,19050,1098.0,2.0,03/12/2019
866,867,19051,599.0,1.0,03/12/2019
867,868,19093,299.0,1.0,03/12/2019
868,869,19116,2394.0,6.0,03/12/2019
869,870,19118,1398.0,2.0,03/12/2019
870,871,19126,198.0,1.0,03/12/2019
871,872,19134,1098.0,2.0,03/12/2019
872,873,19161,399.0,1.0,03/12/2019
873,874,19162,749.0,1.0,03/12/2019
874,875,19216,99.0,1.0,03/12/2019
875,876,19258,299.0,1.0,03/12/2019
876,877,19288,500.0,1.0,03/12/2019
877,878,19295,999.0,1.0,03/12/2019
878,879,19307,799.0,1.0,03/12/2019
879,880,19334,350.0,1.0,03/12/2019
880,881,19339,349.0,1.0,03/12/2019
881,882,19370,222.0,1.0,03/12/2019
882,883,19405,399.0,1.0,03/12/2019
883,884,19434,50.0,1.0,03/12/2019
884,885,19436,2131.0,3.0,03/12/2019
885,886,19438,5998.0,2.0,03/12/2019
886,887,19439,3999.0,1.0,03/12/2019
887,888,19597,338.0,2.0,03/12/2019
888,889,19602,338.0,2.0,03/12/2019
889,890,19647,198.0,1.0,03/12/2019
890,891,19686,399.0,1.0,03/12/2019
891,892,19692,169.0,1.0,03/12/2019
892,893,19752,221.2,3.0,03/12/2019
893,894,19771,169.0,1.0,03/12/2019
894,895,19794,447.0,3.0,03/12/2019
895,896,19806,399.0,1.0,03/12/2019
896,897,19816,799.0,1.0,03/12/2019
897,898,19817,1497.0,3.0,03/12/2019
898,899,19836,99.0,1.0,03/12/2019
899,900,19893,449.0,1.0,03/12/2019
900,901,19894,499.0,1.0,03/12/2019
901,902,19986,1999.0,1.0,03/12/2019
902,903,19993,98.0,1.0,03/12/2019
903,904,20055,798.0,3.0,03/12/2019
904,905,20069,98.0,1.0,03/12/2019
905,906,20195,720.0,1.0,03/12/2019
906,907,20225,4311.0,11.0,03/12/2019
907,908,20226,799.0,1.0,03/12/2019
908,909,20231,99.0,1.0,03/12/2019
909,910,20259,298.0,2.0,03/12/2019
910,911,20269,169.0,1.0,03/12/2019
911,912,20311,58.0,1.0,03/12/2019
912,913,20337,1099.0,1.0,03/12/2019
913,914,20346,1099.0,1.0,03/12/2019
914,915,20347,1849.0,1.0,03/12/2019
915,916,20405,2399.0,1.0,03/12/2019
916,917,20434,1899.0,1.0,03/12/2019
917,918,20465,1399.0,1.0,03/12/2019
918,919,20521,1999.0,1.0,03/12/2019
919,920,20540,1499.0,1.0,03/12/2019
920,921,20544,1999.0,1.0,03/12/2019
921,922,20608,5997.0,3.0,03/12/2019
922,923,20610,1099.0,1.0,03/12/2019
923,924,20611,4498.0,2.0,03/12/2019
924,925,20613,2198.0,3.0,03/12/2019
925,926,20614,1099.0,1.0,03/12/2019
926,927,20641,3799.0,1.0,03/12/2019
927,928,20654,1899.0,1.0,03/12/2019
928,929,20739,499.0,1.0,03/12/2019
929,930,20773,1099.0,1.0,03/12/2019
930,931,20916,1719.0,1.0,03/12/2019
931,932,20920,1719.0,1.0,03/12/2019
932,933,20949,73.0,31.0,03/12/2019
933,934,20957,1198.0,1.0,03/12/2019
934,935,21260,1039.0,1.0,03/12/2019
935,936,21358,599.0,1.0,03/12/2019
936,937,21361,7596.0,4.0,03/12/2019
937,938,21362,5385.0,5.0,03/12/2019
938,939,21363,12156.0,4.0,03/12/2019
939,940,21364,7616.0,22.0,03/12/2019
940,941,21365,9890.0,12.0,03/12/2019
941,942,21366,12152.0,9.0,03/12/2019
942,943,21367,5992.0,8.0,03/12/2019
943,944,21368,1499.0,1.0,03/12/2019
944,945,21377,135.2,1.0,03/12/2019
945,946,21386,472.6,3.0,03/12/2019
946,947,21387,1699.0,1.0,03/12/2019
947,948,21388,999.0,1.0,03/12/2019
948,949,21400,198.0,2.0,03/12/2019
949,950,21414,264.58,1.0,03/12/2019
950,951,21420,149.0,1.0,03/12/2019
951,952,21427,338.0,2.0,03/12/2019
952,953,21440,298.0,2.0,03/12/2019
953,954,21447,149.0,1.0,03/12/2019
954,955,21485,658.0,3.0,03/12/2019
955,956,21486,210.0,1.0,03/12/2019
956,957,21591,399.0,1.0,03/12/2019
957,958,21605,99.0,1.0,03/12/2019
958,959,21669,149.0,1.0,03/12/2019
959,960,21674,399.0,1.0,03/12/2019
960,961,21677,49.0,1.0,03/12/2019
961,962,21679,149.0,1.0,03/12/2019
962,963,21684,149.0,1.0,03/12/2019
963,964,21704,169.0,1.0,03/12/2019
964,965,21726,99.0,1.0,03/12/2019
965,966,21761,772.03,1.0,03/12/2019
966,967,21762,1499.0,1.0,03/12/2019
967,968,21793,999.0,1.0,03/12/2019
968,969,21842,149.0,1.0,03/12/2019
969,970,21881,897.0,3.0,03/12/2019
970,971,21893,28.0,1.0,03/12/2019
971,972,21902,99.0,1.0,03/12/2019
972,973,21922,198.0,2.0,03/12/2019
973,974,21962,1249.0,1.0,03/12/2019
974,975,21976,1499.0,1.0,03/12/2019
975,976,22058,169.0,1.0,03/12/2019
976,977,22073,99.0,1.0,03/12/2019
977,978,22076,28.0,1.0,03/12/2019
978,979,22087,357.0,3.0,03/12/2019
979,980,22088,714.0,9.0,03/12/2019
980,981,22091,358.0,2.0,03/12/2019
981,982,22092,179.0,1.0,03/12/2019
982,983,22104,249.0,2.0,03/12/2019
983,984,22140,217.5,1.0,03/12/2019
984,985,22162,1995.0,6.0,03/12/2019
